order_id,customer_name,email,signup_date,amount,quantity,city,status,email_valid
1001,Ravi Kumar,ravi.kumar@gmail.com,2023-01-15,1500.0,2,Hyderabad,Delivered,True
1002,Priya Sharma,priya.sharma@yahoo.com,2023-01-15,2300.5,1,Bangalore,Delivered,True
1003,Amit Verma,amit.verma@gmail.com,2023-02-01,1600.0,3,Chennai,Delivered,True
1004,Sneha Reddy,sneha.reddy@gmail.com,2023-02-10,1200.0,1,Hyderabad,Pending,True
1006,Karan Singh,karan.singh@,2023-03-05,3400.0,1,Mumbai,Delivered,False
1007,Anita Das,anita.das@gmail.com,2023-03-12,999.0,4,Kolkata,Cancelled,True
1009,Vikram Rao,vikram.rao@gmail.com,2023-04-01,1600.0,2,Pune,Delivered,True
1010,Meena Iyer,meena.iyer@gmail.com,2023-04-18,1800.0,1,Chennai,Delivered,True
1011,Suresh Nair,suresh.nair@gmail.com,,2100.0,2,Bangalore,Pending,True
1012,Divya Menon,divya.menon@gmail.com,2023-05-02,1600.0,1,Hyderabad,Delivered,True
1013,Rahul Gupta,rahul.gupta@gmail.com,2023-05-15,2200.0,2,Delhi,Delivered,True
1014,Kavya Pillai,kavya.pillai@gmail.com,2023-06-01,1450.0,1,Delhi,Pending,True
1015,Arjun Nair,arjun.nair@gmail.com,2023-06-10,1999.0,1,Mumbai,Delivered,True
