date,region,product,units,price,revenue
2026-01-01,West,Headphones,9,60,540
2026-01-03,East,Headphones,3,60,180
2026-01-05,East,Phone,9,480,4320
2026-01-07,West,Headphones,9,60,540
2026-01-09,East,Tablet,8,320,2560
2026-01-11,West,Headphones,8,60,480
2026-01-13,West,Headphones,4,60,240
2026-01-15,North,Tablet,8,320,2560
2026-01-17,North,Phone,2,480,960
2026-01-19,South,Laptop,7,750,5250
2026-01-21,South,Tablet,11,320,3520
2026-01-23,West,Laptop,11,750,8250
2026-01-25,West,Headphones,4,60,240
2026-01-27,North,Headphones,4,60,240
2026-01-29,South,Laptop,7,750,5250
2026-01-31,West,Tablet,5,320,1600
2026-02-02,North,Laptop,9,750,6750
2026-02-04,West,Laptop,3,750,2250
2026-02-06,North,Phone,2,480,960
2026-02-08,South,Headphones,1,60,60
2026-02-10,West,Headphones,6,60,360
2026-02-12,South,Tablet,3,320,960
2026-02-14,South,Tablet,4,320,1280
2026-02-16,South,Tablet,11,320,3520
2026-02-18,East,Laptop,9,750,6750
2026-02-20,South,Phone,10,480,4800
2026-02-22,West,Headphones,7,60,420
2026-02-24,South,Phone,2,480,960
2026-02-26,South,Laptop,9,750,6750
2026-02-28,East,Laptop,7,750,5250
2026-03-02,East,Tablet,10,320,3200
2026-03-04,East,Laptop,6,750,4500
2026-03-06,East,Headphones,2,60,120
2026-03-08,West,Headphones,7,60,420
2026-03-10,West,Tablet,6,320,1920
2026-03-12,West,Phone,8,480,3840
2026-03-14,East,Headphones,5,60,300
2026-03-16,East,Tablet,4,320,1280
2026-03-18,South,Phone,2,480,960
2026-03-20,West,Phone,11,480,5280
2026-03-22,South,Phone,9,480,4320
2026-03-24,North,Headphones,6,60,360
2026-03-26,West,Laptop,3,750,2250
2026-03-28,North,Laptop,7,750,5250
2026-03-30,West,Tablet,5,320,1600
2026-04-01,East,Phone,7,480,3360
2026-04-03,North,Headphones,1,60,60
2026-04-05,North,Laptop,3,750,2250
2026-04-07,South,Headphones,9,60,540
2026-04-09,North,Laptop,1,750,750
2026-04-11,North,Phone,8,480,3840
2026-04-13,East,Headphones,5,60,300
2026-04-15,West,Laptop,1,750,750
2026-04-17,South,Tablet,9,320,2880
2026-04-19,West,Tablet,8,320,2560
2026-04-21,West,Phone,9,480,4320
2026-04-23,West,Laptop,10,750,7500
2026-04-25,East,Tablet,9,320,2880
2026-04-27,South,Phone,10,480,4800
2026-04-29,East,Headphones,2,60,120
2026-05-01,South,Tablet,11,320,3520
2026-05-03,South,Phone,11,480,5280
2026-05-05,South,Laptop,8,750,6000
2026-05-07,North,Tablet,9,320,2880
2026-05-09,West,Phone,9,480,4320
2026-05-11,North,Tablet,10,320,3200
2026-05-13,North,Headphones,10,60,600
2026-05-15,North,Phone,6,480,2880
2026-05-17,West,Headphones,9,60,540
2026-05-19,East,Tablet,11,320,3520
2026-05-21,West,Tablet,4,320,1280
2026-05-23,North,Headphones,1,60,60
2026-05-25,East,Headphones,2,60,120
2026-05-27,South,Headphones,1,60,60
2026-05-29,South,Headphones,5,60,300
2026-05-31,North,Laptop,1,750,750
2026-06-02,East,Phone,3,480,1440
2026-06-04,West,Headphones,3,60,180
2026-06-06,East,Phone,8,480,3840
2026-06-08,North,Laptop,3,750,2250
2026-06-10,East,Tablet,11,320,3520
2026-06-12,South,Headphones,3,60,180
2026-06-14,West,Tablet,11,320,3520
2026-06-16,West,Headphones,7,60,420
2026-06-18,North,Tablet,3,320,960
2026-06-20,East,Laptop,1,750,750
2026-06-22,West,Headphones,4,60,240
2026-06-24,West,Phone,7,480,3360
2026-06-26,East,Headphones,2,60,120
2026-06-28,East,Headphones,2,60,120
2026-06-30,North,Headphones,2,60,120
2026-07-02,East,Laptop,8,750,6000
2026-07-04,South,Headphones,1,60,60
2026-07-06,North,Tablet,1,320,320
2026-07-08,North,Phone,6,480,2880
2026-07-10,East,Headphones,4,60,240
2026-07-12,East,Headphones,7,60,420
2026-07-14,East,Tablet,11,320,3520
2026-07-16,East,Laptop,10,750,7500
2026-07-18,West,Tablet,6,320,1920
2026-07-20,East,Laptop,8,750,6000
2026-07-22,South,Laptop,9,750,6750
2026-07-24,East,Laptop,5,750,3750
2026-07-26,East,Laptop,8,750,6000
2026-07-28,North,Headphones,3,60,180
2026-07-30,North,Phone,7,480,3360
2026-08-01,East,Laptop,3,750,2250
2026-08-03,South,Laptop,3,750,2250
2026-08-05,East,Phone,9,480,4320
2026-08-07,South,Phone,7,480,3360
2026-08-09,North,Phone,5,480,2400
2026-08-11,North,Headphones,1,60,60
2026-08-13,South,Headphones,3,60,180
2026-08-15,West,Tablet,9,320,2880
2026-08-17,South,Headphones,6,60,360
2026-08-19,South,Phone,11,480,5280
2026-08-21,East,Laptop,10,750,7500
2026-08-23,West,Phone,10,480,4800
2026-08-25,South,Laptop,1,750,750
2026-08-27,East,Headphones,1,60,60
2026-08-29,South,Laptop,7,750,5250
2026-08-31,East,Phone,4,480,1920
2026-09-02,South,Laptop,10,750,7500
2026-09-04,East,Headphones,4,60,240
2026-09-06,East,Laptop,2,750,1500
2026-09-08,East,Tablet,2,320,640
2026-09-10,West,Headphones,4,60,240
2026-09-12,North,Tablet,7,320,2240
2026-09-14,East,Headphones,2,60,120
2026-09-16,South,Headphones,9,60,540
2026-09-18,South,Headphones,4,60,240
2026-09-20,North,Tablet,4,320,1280
2026-09-22,North,Tablet,8,320,2560
2026-09-24,South,Tablet,10,320,3200
2026-09-26,West,Headphones,5,60,300
2026-09-28,North,Phone,9,480,4320
2026-09-30,South,Headphones,4,60,240
2026-10-02,West,Headphones,2,60,120
2026-10-04,West,Phone,10,480,4800
2026-10-06,North,Phone,9,480,4320
2026-10-08,North,Tablet,9,320,2880
2026-10-10,East,Headphones,10,60,600
2026-10-12,North,Laptop,6,750,4500
2026-10-14,South,Laptop,3,750,2250
2026-10-16,South,Laptop,7,750,5250
2026-10-18,West,Phone,7,480,3360
2026-10-20,North,Laptop,5,750,3750
2026-10-22,East,Tablet,8,320,2560
2026-10-24,East,Tablet,3,320,960
2026-10-26,North,Headphones,7,60,420
